keyword,search_volume,cpc,competition,difficulty,search_intent,location,source
japan esim,2900,4.29,HIGH,4,transactional,Australia,dataforseo
esim japan,2900,3.68,HIGH,5,transactional,Australia,dataforseo
sim card japan,2900,3.31,HIGH,4,transactional,Australia,dataforseo
japan sim card,1600,2.76,HIGH,10,transactional,Australia,dataforseo
japan travel sim,720,3.73,HIGH,4,transactional,Australia,dataforseo
best esim for japan,590,3.25,HIGH,5,commercial,Australia,dataforseo
esim for japan,480,3.66,HIGH,,transactional,Australia,dataforseo
japan esim unlimited data,320,5.47,HIGH,1,transactional,Australia,dataforseo
thailand esim,1900,2.89,HIGH,6,transactional,Australia,dataforseo
esim thailand,1900,2.89,HIGH,,transactional,Australia,dataforseo
best esim for thailand,720,3.12,HIGH,1,commercial,Australia,dataforseo
thailand esim unlimited,320,3.24,HIGH,1,transactional,Australia,dataforseo
thailand data sim,260,2.54,HIGH,,transactional,Australia,dataforseo
bangkok esim,210,3.25,HIGH,,transactional,Australia,dataforseo
korea esim,590,3.72,HIGH,3,informational,Australia,dataforseo
esim korea,590,3.15,HIGH,,commercial,Australia,dataforseo
esim south korea,320,3.52,HIGH,,informational,Australia,dataforseo
south korea esim,260,2.92,HIGH,,informational,Australia,dataforseo
best esim for south korea,110,3.41,HIGH,,commercial,Australia,dataforseo
best esim for korea,110,3.74,HIGH,,commercial,Australia,dataforseo
korea telecom esim,110,2.12,MEDIUM,,transactional,Australia,dataforseo
esim korea and japan,70,4.26,HIGH,,commercial,Australia,dataforseo
bali sim card,1900,2.65,HIGH,1,transactional,Australia,dataforseo
sim card bali,1900,2.65,HIGH,1,transactional,Australia,dataforseo
indonesian sim card bali,1900,2.65,HIGH,2,transactional,Australia,dataforseo
sim card in bali,1900,2.3,HIGH,,transactional,Australia,dataforseo
bali indonesia sim card,1900,2.65,HIGH,,transactional,Australia,dataforseo
telkomsel sim card bali,170,1.46,MEDIUM,,transactional,Australia,dataforseo
bali airport sim card,140,1.19,HIGH,,commercial,Australia,dataforseo
best sim card bali,140,1.77,HIGH,,transactional,Australia,dataforseo
best bali sim card,140,2.2,HIGH,,transactional,Australia,dataforseo
bali sim card tourist,110,1.52,HIGH,,transactional,Australia,dataforseo
singapore esim,880,4.42,HIGH,,commercial,Australia,dataforseo
esim singapore,1000,4.02,HIGH,,commercial,Australia,dataforseo
best esim for singapore,260,3.38,HIGH,1,commercial,Australia,dataforseo
esim for singapore,260,3.83,HIGH,,commercial,Australia,dataforseo
singapore esim tourist,140,2.53,HIGH,1,commercial,Australia,dataforseo
best esim singapore,90,3.76,HIGH,8,transactional,Australia,dataforseo
esim singapore and malaysia,70,3.15,HIGH,,transactional,Australia,dataforseo
travel esim,2400,4.53,HIGH,33,transactional,Australia,dataforseo
best esim for international travel,1000,3.31,HIGH,15,commercial,Australia,dataforseo
international esim,880,3.96,HIGH,11,commercial,Australia,dataforseo
best travel esim,720,4.36,HIGH,34,commercial,Australia,dataforseo
esim for travel,590,4.19,HIGH,17,transactional,Australia,dataforseo
best international esim,480,3.54,HIGH,4,commercial,Australia,dataforseo
travel esim australia,390,2.97,HIGH,2,transactional,Australia,dataforseo
best esim for travel,320,4.3,HIGH,24,commercial,Australia,dataforseo
overseas esim,260,3.27,HIGH,2,commercial,Australia,dataforseo
best travel esim australia,210,3.92,HIGH,1,commercial,Australia,dataforseo
asia esim,210,4.03,HIGH,3,commercial,Australia,dataforseo
esim roaming,140,2.58,HIGH,2,commercial,Australia,dataforseo
prepaid esim travel,110,4.39,HIGH,,transactional,Australia,dataforseo
europe esim,880,3.89,HIGH,,commercial,Australia,dataforseo
usa esim,720,4.12,HIGH,,transactional,Australia,dataforseo
australia esim,590,3.45,HIGH,,commercial,Australia,dataforseo
malaysia esim,480,3.21,HIGH,,transactional,Australia,dataforseo
vietnam esim,390,3.18,HIGH,,transactional,Australia,dataforseo
taiwan esim,320,3.56,HIGH,,transactional,Australia,dataforseo
new zealand esim,260,3.28,HIGH,,transactional,Australia,dataforseo
philippines esim,210,2.89,HIGH,,transactional,Australia,dataforseo
hong kong esim,170,3.67,HIGH,,transactional,Australia,dataforseo
india esim,140,2.76,HIGH,,transactional,Australia,dataforseo
china esim,140,3.89,HIGH,,transactional,Australia,dataforseo
telstra roaming japan,210,1.85,MEDIUM,,commercial,Australia,dataforseo
telstra international day pass,320,1.42,MEDIUM,,informational,Australia,dataforseo
telstra roaming thailand,170,1.72,MEDIUM,,commercial,Australia,dataforseo
avoid telstra roaming charges,90,1.58,LOW,,informational,Australia,dataforseo
singtel roaming alternative,140,1.65,MEDIUM,,commercial,Singapore,dataforseo
ee roaming alternative,170,1.78,MEDIUM,,commercial,UK,dataforseo
airalo,60500,1.89,HIGH,45,navigational,Australia,competitor
airalo esim,12100,2.34,HIGH,38,transactional,Australia,competitor
holafly,33100,1.76,HIGH,42,navigational,Australia,competitor
holafly esim,8100,2.21,HIGH,35,transactional,Australia,competitor
simsdirect,480,0.89,MEDIUM,12,navigational,Australia,competitor
esim australia,14800,3.12,HIGH,28,commercial,Australia,competitor
esim,33100,2.87,HIGH,52,informational,Australia,competitor
